campaign,source_series,canonical_series,tag_type,raw_name,suggested_canonical,suggested_ko,suggested_ja,suggested_en,aliases,parent_series,subgroup_or_affiliation,source_url,evidence,confidence,action,issue_type,notes
BA_phase_A,Blue Archive,Blue Archive,character,角楯カリン,角楯カリン,카쿠다테 카린,角楯カリン,Kakudate Karin,"角楯カリン,カリン,Kakudate Karin,Karin,카쿠다테 카린",Blue Archive,밀레니엄 사이언스 스쿨 / Cleaning&Clearing,https://namu.wiki/w/카쿠다테 카린,"namu.wiki 확인, blue-utils.me 확인, game2cafe.com 확인, fandom wiki 확인. 밀레니엄 C&C 소속 스나이퍼.",high,accept,new_character,복수 출처에서 실존 캐릭터 확인. 이전 잘못된 canonical(鬼方カリン)과는 별개 캐릭터.
BA_phase_A,Blue Archive,Blue Archive,character,白石ウタハ,白石ウタハ,시라이시 우타하,白石ウタハ,Shiraishi Utaha,"白石ウタハ,ウタハ,Shiraishi Utaha,Utaha,시라이시 우타하",Blue Archive,밀레니엄 사이언스 스쿨 / 세미나,https://namu.wiki/w/시라이시 우타하,"namu.wiki 확인, blue-utils.me 확인, game2cafe.com 확인. 밀레니엄 세미나 소속.",high,accept,new_character,복수 출처에서 실존 캐릭터 확인. 단일 alias ウタハ는 충돌 위험 낮음.
BA_phase_A,Blue Archive,Blue Archive,character,三香本ネル,三香本ネル,미카모 네루,三香本ネル,Mikamo Neru,"三香本ネル,Mikamo Neru,Neru,미카모 네루",Blue Archive,밀레니엄 사이언스 스쿨 / Cleaning&Clearing,https://namu.wiki/w/미카모 네루,"namu.wiki 확인, game2cafe.com 확인. 밀레니엄 C&C 리더.",high,accept,new_character,ネル alias는 Trickcal 네르(ネル)와 충돌 주의. aliases에서 단일 ネル는 제외하거나 parent_series 필터 필요.
BA_phase_A,Blue Archive,Blue Archive,character,白見イオリ,白見イオリ,시로미 이오리,白見イオリ,Shiromi Iori,"白見イオリ,イオリ,Shiromi Iori,Iori,시로미 이오리",Blue Archive,게헨나 학원 / 선도부,https://namu.wiki/w/시로미 이오리,"namu.wiki 확인, game2cafe.com 확인, ruliweb wiki 확인. 게헨나 선도부(풍기위원회) 소속.",high,accept,new_character,이오리(イオリ) 단일 alias는 충돌 위험 낮음.
BA_phase_A,Blue Archive,Blue Archive,character,連川チェリノ,連川チェリノ,렌카와 체리노,連川チェリノ,Renkawa Cherino,"連川チェリノ,チェリノ,Renkawa Cherino,Cherino,렌카와 체리노",Blue Archive,붉은 겨울 연방학원,https://namu.wiki/w/렌카와 체리노,"namu.wiki 확인, blue-utils.me 확인. 붉은 겨울 학생회 소속.",high,accept,new_character,복수 출처 확인. 단일 alias チェリノ/Cherino는 충돌 위험 낮음.
BA_phase_A,Blue Archive,Blue Archive,character,나츠메 이로하,棗イロハ,나츠메 이로하,棗イロハ,Natsume Iroha,"나츠메 이로하,Natsume Iroha",Blue Archive,게헨나 학원 / 판데모니움 소사이어티,https://namu.wiki/w/나츠메 이로하,"namu.wiki 검색에서 페이지 존재 확인. 한국어명 확인, 일본어 canonical 미확인.",high,accept,new_character,2차 web+agent 확인. 棗=なつめ
BA_phase_A,Blue Archive,Blue Archive,character,키누가와 카스미,鬼怒川カスミ,키누가와 카스미,鬼怒川カスミ,Kinugawa Kasumi,"키누가와 카스미,Kinugawa Kasumi",Blue Archive,게헨나 학원 / 온천개발부,https://namu.wiki/w/키누가와 카스미,"namu.wiki 검색에서 페이지 존재 확인. 한국어명 확인, 일본어 canonical 미확인.",high,accept,new_character,2차 web+agent 확인. 鬼怒川=きぬがわ(지명)
BA_phase_A,Blue Archive,Blue Archive,character,시모쿠라 메구,下倉メグ,시모쿠라 메구,下倉メグ,Shimokura Megu,"시모쿠라 메구,Shimokura Megu",Blue Archive,게헨나 학원 / 온천개발부,https://game2cafe.com/블루아카이브-성우-총정리/,"game2cafe.com 학생 목록에서 확인. 한국어명 확인, 일본어 canonical 미확인.",high,accept,new_character,2차 web+agent 확인. 下倉=しもくら
BA_phase_A,Blue Archive,Blue Archive,character,와라쿠 치세,和楽チセ,와라쿠 치세,和楽チセ,Waraku Chise,"와라쿠 치세,Waraku Chise",Blue Archive,백귀야행 연합학원,https://game2cafe.com/블루아카이브-성우-총정리/,"game2cafe.com 학생 목록에서 확인. 한국어명 확인, 일본어 canonical 미확인.",high,accept,new_character,2차 web+agent 확인. 和楽=わらく
BA_phase_A,Blue Archive,Blue Archive,character,아사히나 피나,朝比奈フィーナ,아사히나 피나,朝比奈フィーナ,Asahina Pina,"아사히나 피나,Asahina Pina",Blue Archive,백귀야행 연합학원,https://game2cafe.com/블루아카이브-성우-총정리/,"game2cafe.com 학생 목록에서 확인. 한국어명 확인, 일본어 canonical 미확인.",high,accept,new_character,"2차 web 확인. JA=フィーナ(Fina), KR/EN=Pina(피나). 음역 차이 유의"
BA_phase_A,Blue Archive,Blue Archive,character,이사미 카에데,勇美カエデ,이사미 카에데,勇美カエデ,Isami Kaede,"이사미 카에데,Isami Kaede",Blue Archive,백귀야행 연합학원,https://game2cafe.com/블루아카이브-성우-총정리/,"game2cafe.com 학생 목록에서 확인. 한국어명 확인, 일본어 canonical 미확인.",high,accept,new_character,2차 web+agent 확인. 勇美=いさみ
BA_phase_A,Blue Archive,Blue Archive,character,치도리 미치루,千鳥ミチル,치도리 미치루,千鳥ミチル,Chidori Michiru,"치도리 미치루,Chidori Michiru",Blue Archive,백귀야행 연합학원,https://namu.wiki/w/치도리 미치루,"namu.wiki 검색에서 페이지 존재 확인. 한국어명 확인, 일본어 canonical 미확인.",high,accept,new_character,2차 web+agent 확인. 千鳥=ちどり
BA_phase_A,Blue Archive,Blue Archive,character,오노 츠쿠요,大野ツクヨ,오노 츠쿠요,大野ツクヨ,Oono Tsukuyo,"오노 츠쿠요,Ono Tsukuyo",Blue Archive,백귀야행 연합학원,https://game2cafe.com/블루아카이브-성우-총정리/,"game2cafe.com 학생 목록에서 확인. 한국어명 확인, 일본어 canonical 미확인.",high,accept,new_character,"2차 web 확인. 大野=おおの(Oono), KR에서 오노로 단순화"
BA_phase_A,Blue Archive,Blue Archive,character,쿠와카미 카호,桑上カホ,쿠와카미 카호,桑上カホ,Kuwakami Kaho,"쿠와카미 카호,Kuwakami Kaho",Blue Archive,백귀야행 연합학원,https://game2cafe.com/블루아카이브-성우-총정리/,"game2cafe.com 학생 목록에서 확인. 한국어명 확인, 일본어 canonical 미확인.",high,accept,new_character,2차 web+agent 확인. 桑上=くわかみ
BA_phase_A,Blue Archive,Blue Archive,character,이케쿠라 마리나,池倉マリナ,이케쿠라 마리나,池倉マリナ,Ikekura Marina,"이케쿠라 마리나,Ikekura Marina",Blue Archive,붉은 겨울 연방학원,https://game2cafe.com/블루아카이브-성우-총정리/,"game2cafe.com 학생 목록에서 확인. 한국어명 확인, 일본어 canonical 미확인.",high,accept,new_character,2차 web+agent 확인. 池倉=いけくら
BA_phase_A,Blue Archive,Blue Archive,character,아마미 노도카,天見ノドカ,아마미 노도카,天見ノドカ,Amami Nodoka,"아마미 노도카,Amami Nodoka",Blue Archive,붉은 겨울 연방학원,https://game2cafe.com/블루아카이브-성우-총정리/,"game2cafe.com 학생 목록에서 확인. 한국어명 확인, 일본어 canonical 미확인.",high,accept,new_character,2차 web+agent 확인. 天見=あまみ
BA_phase_A,Blue Archive,Blue Archive,character,마요이 시구레,間宵シグレ,마요이 시구레,間宵シグレ,Mayoi Shigure,"마요이 시구레,Mayoi Shigure",Blue Archive,붉은 겨울 연방학원,https://game2cafe.com/블루아카이브-성우-총정리/,"game2cafe.com 학생 목록에서 확인. 한국어명 확인, 일본어 canonical 미확인.",high,accept,new_character,2차 web 직접 확인(fandom/wiki). 間宵=まよい
BA_phase_A,Blue Archive,Blue Archive,character,야스모리 미노리,安守ミノリ,야스모리 미노리,安守ミノリ,Yasumori Minori,"야스모리 미노리,Yasumori Minori",Blue Archive,붉은 겨울 연방학원,https://game2cafe.com/블루아카이브-성우-총정리/,"game2cafe.com 학생 목록에서 확인. 한국어명 확인, 일본어 canonical 미확인.",high,accept,new_character,2차 web+agent 확인. 安守=やすもり
BA_phase_A,Blue Archive,Blue Archive,character,히메키 메루,姫木メル,히메키 메루,姫木メル,Himeki Meru,"히메키 메루,Himeki Meru",Blue Archive,붉은 겨울 연방학원,https://game2cafe.com/블루아카이브-성우-총정리/,"game2cafe.com 학생 목록에서 확인. 한국어명 확인, 일본어 canonical 미확인.",high,accept,new_character,2차 web+agent 확인. 姫木=ひめき
BA_phase_A,Blue Archive,Blue Archive,character,아키이즈미 모미지,秋泉モミジ,아키이즈미 모미지,秋泉モミジ,Akiizumi Momiji,"아키이즈미 모미지,Akiizumi Momiji",Blue Archive,붉은 겨울 연방학원,https://game2cafe.com/블루아카이브-성우-총정리/,"game2cafe.com 학생 목록에서 확인. 한국어명 확인, 일본어 canonical 미확인.",high,accept,new_character,2차 web+agent 확인. 秋泉=あきいずみ
BA_phase_A,Blue Archive,Blue Archive,character,이즈미모토 에이미,和泉元エイミ,이즈미모토 에이미,和泉元エイミ,Izumimoto Eimi,"이즈미모토 에이미,Izumimoto Eimy,Izumimoto Amy",Blue Archive,밀레니엄 사이언스 스쿨,https://game2cafe.com/블루아카이브-성우-총정리/,"game2cafe.com 학생 목록에서 확인. 한국어명 확인, 일본어 canonical 미확인.",high,accept,new_character,2차 web 직접 확인(fandom/wiki). 和泉元=いずみもと
BA_phase_A,Blue Archive,Blue Archive,character,토요미 코토리,豊見コトリ,토요미 코토리,豊見コトリ,Toyomi Kotori,"토요미 코토리,Toyomi Kotori",Blue Archive,밀레니엄 사이언스 스쿨,https://game2cafe.com/블루아카이브-성우-총정리/,"game2cafe.com 학생 목록에서 확인. 한국어명 확인, 일본어 canonical 미확인.",high,accept,new_character,2차 web+agent 확인. 豊見=とよみ
BA_phase_A,Blue Archive,Blue Archive,character,무로카사 아카네,室笠アカネ,무로카사 아카네,室笠アカネ,Murokasa Akane,"무로카사 아카네,Murokasa Akane",Blue Archive,밀레니엄 사이언스 스쿨,https://game2cafe.com/블루아카이브-성우-총정리/,"game2cafe.com 학생 목록에서 확인. 한국어명 확인, 일본어 canonical 미확인.",high,accept,new_character,2차 web+agent 확인. 室笠=むろかさ
BA_phase_A,Blue Archive,Blue Archive,character,오토하나 스미레,乙花スミレ,오토하나 스미레,乙花スミレ,Otohana Sumire,"오토하나 스미레,Otohana Sumire",Blue Archive,밀레니엄 사이언스 스쿨,https://game2cafe.com/블루아카이브-성우-총정리/,"game2cafe.com 학생 목록에서 확인. 한국어명 확인, 일본어 canonical 미확인.",high,accept,new_character,2차 web 직접 확인(fandom/NamuWiki). 乙花=おとはな
BA_phase_A,Blue Archive,Blue Archive,character,야쿠시 사야,薬師サヤ,야쿠시 사야,薬師サヤ,Yakushi Saya,"야쿠시 사야,Yakushi Saya",Blue Archive,산해경 고급중학교,https://game2cafe.com/블루아카이브-성우-총정리/,"game2cafe.com 학생 목록에서 확인. 한국어명 확인, 일본어 canonical 미확인.",high,accept,new_character,2차 web+agent 확인. 薬師=やくし
BA_phase_A,Blue Archive,Blue Archive,character,아케시로 루미,朱城ルミ,아케시로 루미,朱城ルミ,Akeshiro Rumi,"아케시로 루미,Akeshiro Rumi",Blue Archive,산해경 고급중학교,https://game2cafe.com/블루아카이브-성우-총정리/,"game2cafe.com 학생 목록에서 확인. 한국어명 확인, 일본어 canonical 미확인.",high,accept,new_character,"2차 agent 확인. 朱城=あけしろ(朱=あけ,城=しろ)"
BA_phase_A,Blue Archive,Blue Archive,character,코노에 미나,近衛ミナ,코노에 미나,近衛ミナ,Konoe Mina,"코노에 미나,Konoe Mina",Blue Archive,산해경 고급중학교,https://game2cafe.com/블루아카이브-성우-총정리/,"game2cafe.com 학생 목록에서 확인. 한국어명 확인, 일본어 canonical 미확인.",high,accept,new_character,2차 web+agent 확인. 近衛=このえ
BA_phase_A,Blue Archive,Blue Archive,character,이마시노 미사키,戒野ミサキ,이마시노 미사키,戒野ミサキ,Imashino Misaki,"이마시노 미사키,Imasino Misaki",Blue Archive,아리우스 분교,https://game2cafe.com/블루아카이브-성우-총정리/,"game2cafe.com 학생 목록에서 확인. 한국어명 확인, 일본어 canonical 미확인.",high,accept,new_character,2차 web 직접 확인(fandom/wiki). 戒野=いましの
BA_phase_A,Blue Archive,Blue Archive,character,하카리 아츠코,秤アツコ,하카리 아츠코,秤アツコ,Hakari Atsuko,"하카리 아츠코,Hakari Atsuko",Blue Archive,아리우스 분교,https://game2cafe.com/블루아카이브-성우-총정리/,"game2cafe.com 학생 목록에서 확인. 한국어명 확인, 일본어 canonical 미확인.",high,accept,new_character,2차 web+agent 확인. 秤=はかり
BA_phase_A,Blue Archive,Blue Archive,character,츠치나가 히요리,槌永ヒヨリ,츠치나가 히요리,槌永ヒヨリ,Tsuchinaga Hiyori,"츠치나가 히요리,Tsuchinaga Hiyori",Blue Archive,아리우스 분교,https://game2cafe.com/블루아카이브-성우-총정리/,"game2cafe.com 학생 목록에서 확인. 한국어명 확인, 일본어 canonical 미확인.",high,accept,new_character,2차 web+agent 확인. 槌永=つちなが
BA_phase_A,Blue Archive,Blue Archive,character,엔도우 시미코,円堂シミコ,엔도우 시미코,円堂シミコ,Endo Shimiko,"엔도우 시미코,Endou Shimiko",Blue Archive,트리니티 종합학원,https://game2cafe.com/블루아카이브-성우-총정리/,"game2cafe.com 학생 목록에서 확인. 한국어명 확인, 일본어 canonical 미확인.",high,accept,new_character,2차 web+agent 확인. 円堂=えんどう
BA_phase_A,Blue Archive,Blue Archive,character,나카마사 이치카,仲正イチカ,나카마사 이치카,仲正イチカ,Nakamasa Ichika,"나카마사 이치카,Nakamasa Ichika",Blue Archive,트리니티 종합학원,https://game2cafe.com/블루아카이브-성우-총정리/,"game2cafe.com 학생 목록에서 확인. 한국어명 확인, 일본어 canonical 미확인.",high,accept,new_character,2차 web+agent 확인. 仲正=なかまさ
BA_phase_A,Blue Archive,Blue Archive,character,오가타 칸나,尾刃カンナ,오가타 칸나,尾刃カンナ,Ogata Kanna,"오가타 칸나,Ogata Kanna",Blue Archive,발키리 경찰학교,https://gall.dcinside.com/mgallery/board/view/?id=projectmx&no=7769866,"dcinside 블루아카 마이너갤 생일기념 게시물 확인. 한국어명 확인, 일본어 canonical 미확인.",high,accept,new_character,2차 web 직접 확인(Civitai/fandom). 尾刃=おがた(특수 읽기)
BA_phase_A,Blue Archive,Blue Archive,character,佐城トモエ (existing),佐城トモエ,사시로 토모에,佐城トモエ,Sashiro Tomoe,"佐城トモエ,サシロトモエ,Sashiro Tomoe,사시로 토모에,사죠 토모에,Sajo Tomoe",Blue Archive,붉은 겨울 연방학원,https://game2cafe.com/블루아카이브-성우-총정리/,game2cafe.com에서 '사시로 토모에' 표기 확인. 현재 팩은 '사죠 토모에(Sajo Tomoe)'. 佐城의 읽기가 さしろ vs さじょ 어느 것이 공식인지 나무위키 직접 확인 필요.,high,applied,existing_entry_update,"2차 web 확인(NamuWiki URL=사시로). ko 사죠→사시로, en Sajo→Sashiro 수정 반영됨. 구 alias 유지."
BA_phase_A,Blue Archive,Blue Archive,character,鷲見セリナ (existing),鷲見セリナ,스미 세리나,鷲見セリナ,Sumi Serina,"鷲見セリナ,ワシミセリナ,Washimi Serina,Sumi Serina,스미 세리나,와시미 세리나",Blue Archive,트리니티 종합학원,https://game2cafe.com/블루아카이브-성우-총정리/,game2cafe.com에서 '스미 세리나(Sumi Serina)' 표기 확인. 현재 팩은 '와시미 세리나(Washimi Serina)'. 鷲見의 읽기가 すみ vs わしみ 어느 것이 공식인지 나무위키 직접 확인 필요.,high,applied,existing_entry_update,"2차 web 확인(NamuWiki URL=스미). ko 와시미→스미, en Washimi→Sumi 수정 반영됨. 구 alias 유지."
BA_phase_A,Blue Archive,Blue Archive,character,不知火カヤ (school),不知火カヤ,시라누이 카야,不知火カヤ,Shiranui Kaya,"不知火カヤ,カヤ,Shiranui Kaya,Kaya,시라누이 카야",Blue Archive,학교 미확인,,현재 팩에 있으나 game2cafe 학생 목록에 미확인. 소속 학교 파악 필요.,medium,needs_review,existing_entry_update,소속 학원 나무위키 직접 확인 필요. 누락이면 subgroup_or_affiliation 보완.
BA_phase_A,Blue Archive,Blue Archive,character,七神リン (school),七神リン,나나카미 린,七神リン,Nanagami Rin,"七神リン,ナナカミリン,Nanagami Rin,나나카미 린",Blue Archive,학교 미확인,,현재 팩에 있으나 game2cafe 학생 목록에 미확인. 소속 학교 파악 필요.,medium,needs_review,existing_entry_update,소속 학원 나무위키 직접 확인 필요. 누락이면 subgroup_or_affiliation 보완.
BA_phase_A,Blue Archive,Blue Archive,group,便利屋68 (existing),便利屋68,흥신소68,便利屋68,Problem Solver 68,"便利屋68,便利屋 68,흥신소68,흥신소 68,Problem Solver 68,Problem Solver68",Blue Archive,게헨나 학원,,현재 팩에 존재. 기준선 유지.,high,reject,existing_entry_update,이미 팩에 존재. 변경 없음.
BA_phase_A,Blue Archive,Blue Archive,group,티파티,ティーパーティー,티파티,ティーパーティー,Tea Party,"ティーパーティー,티파티,Tea Party",Blue Archive,트리니티 종합학원 / 학생회,https://namu.wiki/w/트리니티 종합학원,"game2cafe 확인, 나무위키 학원 페이지 존재 추정. 구성원: 키리후지 나기사, 미소노 미카.",high,applied,new_group,"Group/entity seeds are selectively allowed for Blue Archive because clubs, committees, and organizations are important search/classification units. This does not imply global group seed expansion."
BA_phase_A,Blue Archive,Blue Archive,group,정의실현부,正義実現委員会,정의실현부,正義実現委員会,Justice Task Force,"正義実現部,정의실현부,Justice Realization Committee,Justice Task Force",Blue Archive,트리니티 종합학원,,"구성원: 켄사키 츠루기, 하네카와 하스미, 시즈야마 마시로 등.",high,applied,new_group,"Group/entity seeds are selectively allowed for Blue Archive because clubs, committees, and organizations are important search/classification units. This does not imply global group seed expansion."
BA_phase_A,Blue Archive,Blue Archive,group,보충수업부,補習授業部,보충수업부,補習授業部,Make-Up Work Club,"補習授業部,보충수업부,Supplementary Lessons Club",Blue Archive,트리니티 종합학원,,"구성원: 아지타니 히후미, 우라와 하나코, 시모에 코하루 등.",high,applied,new_group,"Group/entity seeds are selectively allowed for Blue Archive because clubs, committees, and organizations are important search/classification units. This does not imply global group seed expansion."
BA_phase_A,Blue Archive,Blue Archive,group,세미나,セミナー,세미나,セミナー,Seminar,"セミナー,세미나,Seminar",Blue Archive,밀레니엄 사이언스 스쿨,,"구성원: 하야세 유우카, 우시오 노아, 아케보시 히마리 등.",high,applied,new_group,"Group/entity seeds are selectively allowed for Blue Archive because clubs, committees, and organizations are important search/classification units. This does not imply global group seed expansion."
BA_phase_A,Blue Archive,Blue Archive,group,게임개발부,ゲーム開発部,게임개발부,ゲーム開発部,Game Development Department,"ゲーム開発部,게임개발부,Game Development Club",Blue Archive,밀레니엄 사이언스 스쿨,,"구성원: 텐도 아리스, 사이바 모모이, 사이바 미도리, 코제키 우이, 카가미 치히로, 오마가리 하레.",high,applied,new_group,"Group/entity seeds are selectively allowed for Blue Archive because clubs, committees, and organizations are important search/classification units. This does not imply global group seed expansion."
BA_phase_A,Blue Archive,Blue Archive,group,C&C,Cleaning&Clearing,C&C,Cleaning&Clearing,Cleaning & Clearing,"Cleaning&Clearing,C&C,Cleaning & Clearing,클리닝&클리어링",Blue Archive,밀레니엄 사이언스 스쿨,,"구성원: 이치노세 아스나, 각楯카린, 쿠로사키 코유키, 미카모 네루.",high,applied,new_group,"Group/entity seeds are selectively allowed for Blue Archive because clubs, committees, and organizations are important search/classification units. This does not imply global group seed expansion."
BA_phase_A,Blue Archive,Blue Archive,group,판데모니움 소사이어티,万魔殿,판데모니움 소사이어티,万魔殿,Pandemonium Society,"판데모니움 소사이어티,Pandemonium Society",Blue Archive,게헨나 학원,,"구성원: 하누마 마코토, 나츠메 이로하, 탄가 이부키.",high,applied,new_group,"Group/entity seeds are selectively allowed for Blue Archive because clubs, committees, and organizations are important search/classification units. This does not imply global group seed expansion."
BA_phase_A,Blue Archive,Blue Archive,group,선도부 (게헨나),風紀委員会,게헨나 선도부,風紀委員会,Prefect Team,"風紀委員会,선도부,Public Morals Committee",Blue Archive,게헨나 학원,,"구성원: 소라사키 히나, 아마우 아코, 시로미 이오리, 히노미야 치나츠.",high,applied,new_group,"Group/entity seeds are selectively allowed for Blue Archive because clubs, committees, and organizations are important search/classification units. This does not imply global group seed expansion."
TR_phase_B,Trickcal Re:VIVE,Trickcal Re:VIVE,character,에슈르,에슈르,에슈르,,Ashur,"에슈르,Ashur",Trickcal Re:VIVE,,https://prydwen.gg/trickcal/characters/,prydwen.gg 영문 표기 확인: Ashur,high,applied,en_alias_resolved,EN hold 해소. Eshur/Asher 오표기는 alias 등록 금지 가드 유지.
TR_phase_B,Trickcal Re:VIVE,Trickcal Re:VIVE,character,코미,코미,코미,,Kommy,"코미,Kommy",Trickcal Re:VIVE,,https://prydwen.gg/trickcal/characters/,prydwen.gg 영문 표기 확인: Kommy,high,applied,en_alias_resolved,EN hold 해소. Comi 오표기는 alias 등록 금지 가드 유지.
TR_phase_B,Trickcal Re:VIVE,Trickcal Re:VIVE,character,하이디,하이디,하이디,,Heidi,"하이디,Heidi",Trickcal Re:VIVE,,https://prydwen.gg/trickcal/characters/,prydwen.gg 영문 표기 확인: Heidi,high,applied,en_alias_resolved,EN hold 해소.
TR_phase_B,Trickcal Re:VIVE,Trickcal Re:VIVE,character,델리아,델리아,델리아,,Delia,"델리아,Delia",Trickcal Re:VIVE,,https://prydwen.gg/trickcal/characters/,prydwen.gg 영문 표기 확인: Delia,high,applied,en_alias_resolved,EN hold 해소.
TR_phase_B,Trickcal Re:VIVE,Trickcal Re:VIVE,character,아라그니아,아라그니아,아라그니아,,Aragnia,"아라그니아,Aragnia",Trickcal Re:VIVE,,https://prydwen.gg/trickcal/characters/,prydwen.gg 영문 표기 확인: Aragnia,high,applied,en_alias_resolved,EN hold 해소.
TR_phase_B,Trickcal Re:VIVE,Trickcal Re:VIVE,character,리코타,리코타,리코타,,Ricotta,"리코타,Ricotta",Trickcal Re:VIVE,,https://prydwen.gg/trickcal/characters/,prydwen.gg 및 NamuWiki 영문 표기 확인: Ricotta,high,applied,en_alias_resolved,EN hold 해소.
TR_phase_B,Trickcal Re:VIVE,Trickcal Re:VIVE,character,시저,시저,시저,,Caesar,"시저,Caesar",Trickcal Re:VIVE,,https://prydwen.gg/trickcal/characters/,prydwen.gg 영문 표기 확인: Caesar,high,applied,en_alias_resolved,EN hold 해소.
TR_phase_B,Trickcal Re:VIVE,Trickcal Re:VIVE,character,헤일리,헤일리,헤일리,,Haley,"헤일리,헤일리(멀쩡),Haley,ヘイリー",Trickcal Re:VIVE,,https://prydwen.gg/trickcal/characters/,prydwen.gg 영문 표기 확인: Haley. JA ヘイリー 기존 유지.,high,applied,en_alias_resolved,EN hold 해소.
TR_phase_B,Trickcal Re:VIVE,Trickcal Re:VIVE,character,다야,다야,다야,,Daya,"다야,Daya",Trickcal Re:VIVE,,https://prydwen.gg/trickcal/characters/,prydwen.gg 영문 표기 확인: Daya,high,applied,en_alias_resolved,KR-only EN 확인.
TR_phase_B,Trickcal Re:VIVE,Trickcal Re:VIVE,character,이프리트,이프리트,이프리트,,Ifrit,"이프리트,Ifrit",Trickcal Re:VIVE,,https://prydwen.gg/trickcal/characters/,prydwen.gg 영문 표기 확인: Ifrit,high,applied,en_alias_resolved,KR-only EN 확인.
TR_phase_B,Trickcal Re:VIVE,Trickcal Re:VIVE,character,마에스트로 2호,마에스트로 2호,마에스트로 2호,,Maestro MK2,"마에스트로 2호,Maestro MK2",Trickcal Re:VIVE,,https://prydwen.gg/trickcal/characters/,prydwen.gg 영문 표기 확인: Maestro MK2,high,applied,en_alias_resolved,KR-only EN 확인.
TR_phase_B,Trickcal Re:VIVE,Trickcal Re:VIVE,character,림,림,림,,Rim,"림,Rim",Trickcal Re:VIVE,,https://prydwen.gg/trickcal/characters/,prydwen.gg 영문 표기 확인: Rim,high,applied,en_alias_resolved,KR-only EN 확인.
TR_phase_B,Trickcal Re:VIVE,Trickcal Re:VIVE,character,스피키,스피키,스피키,,Speaki,"스피키,Speaki",Trickcal Re:VIVE,,https://prydwen.gg/trickcal/characters/,prydwen.gg 영문 표기 확인: Speaki,high,applied,en_alias_resolved,KR-only EN 확인.
TR_phase_B,Trickcal Re:VIVE,Trickcal Re:VIVE,character,벨벳,벨벳,벨벳,,Velvet,"벨벳,Velvet",Trickcal Re:VIVE,,https://prydwen.gg/trickcal/characters/,prydwen.gg 영문 표기 확인: Velvet,high,applied,en_alias_resolved,KR-only EN 확인.
TR_phase_B,Trickcal Re:VIVE,Trickcal Re:VIVE,character,빅우드,빅우드,빅우드,,Bigwood,"빅우드,Bigwood",Trickcal Re:VIVE,,https://prydwen.gg/trickcal/characters/,prydwen.gg 영문 표기 확인: Bigwood,high,applied,en_alias_resolved,KR-only EN 확인.
TR_phase_B,Trickcal Re:VIVE,Trickcal Re:VIVE,character,제이드,제이드,제이드,,Jade,"제이드,Jade",Trickcal Re:VIVE,,https://prydwen.gg/trickcal/characters/,prydwen.gg 영문 표기 확인: Jade,high,applied,en_alias_resolved,KR-only EN 확인.
TR_phase_B,Trickcal Re:VIVE,Trickcal Re:VIVE,character,벨리타,벨리타,벨리타,,Belita,"벨리타,Belita",Trickcal Re:VIVE,,https://prydwen.gg/trickcal/characters/,prydwen.gg 영문 표기 확인: Belita,high,applied,en_alias_resolved,KR-only EN 확인.
TR_phase_B,Trickcal Re:VIVE,Trickcal Re:VIVE,character,실라,실라,실라,,,실라,Trickcal Re:VIVE,,,EN 표기 미확인. prydwen.gg 목록 부재.,low,needs_review,en_alias_hold,EN 확인되면 추가 예정.
TR_phase_B,Trickcal Re:VIVE,Trickcal Re:VIVE,character,벨라,벨라,벨라,,,벨라,Trickcal Re:VIVE,,,EN 표기 미확인. prydwen.gg 목록 부재.,low,needs_review,en_alias_hold,EN 확인되면 추가 예정.
TR_phase_B,Trickcal Re:VIVE,Trickcal Re:VIVE,character,교주,교주,교주,,,교주,Trickcal Re:VIVE,,,EN 표기 미확인. 일반명사 충돌 위험(교주=종교 지도자). parent_series 로 disambiguation 보장.,low,needs_review,en_alias_hold,EN 확인되면 추가 예정.
GI_phase_C1,Genshin Impact,Genshin Impact,character,Hu Tao,Hu Tao,호두,胡桃,Hu Tao,"Hu Tao,胡桃,호두",Genshin Impact,,https://genshin-impact.fandom.com/wiki/Hu_Tao,Genshin 공식 EN/KO/JA 표기 일치. 나무위키 확인.,high,applied,new_character,EN canonical. KO=호두(胡桃 한국어 음).
GI_phase_C1,Genshin Impact,Genshin Impact,character,Keqing,Keqing,각청,刻晴,Keqing,"Keqing,刻晴,각청",Genshin Impact,,https://genshin-impact.fandom.com/wiki/Keqing,공식 한국어 클라이언트 표기 확인. 刻=각 晴=청.,high,applied,new_character,EN canonical.
GI_phase_C1,Genshin Impact,Genshin Impact,character,Ganyu,Ganyu,감우,甘雨,Ganyu,"Ganyu,甘雨,감우",Genshin Impact,,https://genshin-impact.fandom.com/wiki/Ganyu,공식 한국어 클라이언트 표기 확인. 甘=감 雨=우.,high,applied,new_character,EN canonical.
GI_phase_C1,Genshin Impact,Genshin Impact,character,Zhongli,Zhongli,종리,鍾離,Zhongli,"Zhongli,鍾離,종리",Genshin Impact,,https://genshin-impact.fandom.com/wiki/Zhongli,공식 한국어 클라이언트 표기 확인. 鍾=종 離=리.,high,applied,new_character,EN canonical.
GI_phase_C1,Genshin Impact,Genshin Impact,character,Raiden Shogun,Raiden Shogun,라이덴 쇼군,雷電将軍,Raiden Shogun,"Raiden Shogun,雷電将軍,라이덴 쇼군,Ei,에이",Genshin Impact,,https://genshin-impact.fandom.com/wiki/Raiden_Shogun,공식 한국어 표기 확인. 진명 Ei(에이) alias 포함.,high,applied,new_character,EN canonical. Ei/에이 alias 포함.
GI_phase_C1,Genshin Impact,Genshin Impact,character,Nahida,Nahida,나히다,ナヒーダ,Nahida,"Nahida,ナヒーダ,나히다",Genshin Impact,,https://genshin-impact.fandom.com/wiki/Nahida,공식 한국어 클라이언트 표기 확인. JA=ナヒーダ(음역).,high,applied,new_character,EN canonical.
GI_phase_C1,Genshin Impact,Genshin Impact,character,Furina,Furina,후리나,フリーナ,Furina,"Furina,フリーナ,후리나,Focalors,포칼로스",Genshin Impact,,https://genshin-impact.fandom.com/wiki/Furina,공식 한국어 클라이언트 표기 확인. 진명 Focalors(포칼로스) alias 포함.,high,applied,new_character,EN canonical. Focalors/포칼로스 alias 포함.
GI_phase_C1,Genshin Impact,Genshin Impact,character,Lumine,Lumine,형,蛍,Lumine,"Lumine,蛍,형",Genshin Impact,,https://genshin-impact.fandom.com/wiki/Lumine,여성 주인공. KO=형(螢). '형'은 한국어에서 호칭 의미 혼동 위험 있음.,medium,needs_review,new_character,KO 표기 혼동 위험(형=older brother). 검토 후 결정.
GI_phase_C1,Genshin Impact,Genshin Impact,character,Aether,Aether,공,空,Aether,"Aether,空,공",Genshin Impact,,https://genshin-impact.fandom.com/wiki/Aether,남성 주인공. KO=공(空). '공'은 한국어에서 단독 표기시 의미 혼동 위험 있음.,medium,needs_review,new_character,KO 표기 혼동 위험(공=air/empty). 검토 후 결정.
GI_phase_C1,Genshin Impact,Genshin Impact,character,Kazuha,Kazuha,카즈하,楓原万葉,Kazuha,"Kazuha,楓原万葉,카즈하",Genshin Impact,,,KO 표기 카즈하 확인 필요. JA 풀네임=楓原万葉.,medium,needs_review,new_character,JA 풀네임 alias 확인 필요.
HSR_phase_C1,Honkai: Star Rail,Honkai: Star Rail,character,Kafka,Kafka,카프카,カフカ,Kafka,"Kafka,カフカ,카프카",Honkai: Star Rail,,https://honkai-star-rail.fandom.com/wiki/Kafka,공식 EN/KO/JA 표기 확인. 단순 음역 일치.,high,applied,new_character,EN canonical.
HSR_phase_C1,Honkai: Star Rail,Honkai: Star Rail,character,Blade,Blade,블레이드,刃,Blade,"Blade,刃,블레이드",Honkai: Star Rail,,https://honkai-star-rail.fandom.com/wiki/Blade,공식 한국어 클라이언트 표기 확인. JA=刃(한자).,high,applied,new_character,EN canonical.
HSR_phase_C1,Honkai: Star Rail,Honkai: Star Rail,character,Bronya,Bronya,브로냐,ブローニャ,Bronya,"Bronya,ブローニャ,브로냐",Honkai: Star Rail,,https://honkai-star-rail.fandom.com/wiki/Bronya,HI3 레거시 캐릭터. KO/JA 표기 안정적으로 확립됨.,high,applied,new_character,EN canonical.
HSR_phase_C1,Honkai: Star Rail,Honkai: Star Rail,character,Black Swan,Black Swan,블랙 스완,ブラックスワン,Black Swan,"Black Swan,ブラックスワン,블랙 스완",Honkai: Star Rail,,https://honkai-star-rail.fandom.com/wiki/Black_Swan,공식 한국어 클라이언트 표기 확인.,high,applied,new_character,EN canonical.
HSR_phase_C1,Honkai: Star Rail,Honkai: Star Rail,character,Jingliu,Jingliu,경류,鏡流,Jingliu,"Jingliu,鏡流,경류",Honkai: Star Rail,,https://honkai-star-rail.fandom.com/wiki/Jingliu,공식 한국어 클라이언트 표기 확인. 鏡=경 流=류.,high,applied,new_character,EN canonical.
HSR_phase_C1,Honkai: Star Rail,Honkai: Star Rail,character,Seele,Seele,제레,ゼーレ,Seele,"Seele,ゼーレ,제레",Honkai: Star Rail,,,KO 표기 불확실(제레/질레). prydwen.gg 또는 공식 확인 필요.,medium,needs_review,new_character,KO 표기 불확실.
HSR_phase_C1,Honkai: Star Rail,Honkai: Star Rail,character,Firefly,Firefly,불꽃이,流蛍,Firefly,"Firefly,流蛍",Honkai: Star Rail,,,KO 표기 불확실(불꽃이/류형). 공식 클라이언트 확인 필요.,medium,needs_review,new_character,KO 표기 불확실.
HSR_phase_C1,Honkai: Star Rail,Honkai: Star Rail,character,Ruan Mei,Ruan Mei,완매,阮梅,Ruan Mei,"Ruan Mei,阮梅,완매",Honkai: Star Rail,,,KO 표기 완매 추정. 공식 한국어 클라이언트 확인 필요.,medium,needs_review,new_character,KO 표기 검토 필요.
ZZZ_phase_C1,Zenless Zone Zero,Zenless Zone Zero,character,Nicole Demara,Nicole Demara,니콜 드마라,ニコル・デマーラ,Nicole Demara,"Nicole Demara,ニコル・デマーラ,니콜 드마라,Nicole",Zenless Zone Zero,,https://zenless-zone-zero.fandom.com/wiki/Nicole_Demara,공식 한국어 클라이언트 표기 확인.,high,applied,new_character,EN canonical. Nicole 단축 alias 포함.
ZZZ_phase_C1,Zenless Zone Zero,Zenless Zone Zero,character,Ellen Joe,Ellen Joe,엘런 조,エレン・ジョー,Ellen Joe,"Ellen Joe,エレン・ジョー,엘런 조,Ellen",Zenless Zone Zero,,https://zenless-zone-zero.fandom.com/wiki/Ellen_Joe,공식 한국어 클라이언트 표기 확인.,high,applied,new_character,EN canonical. Ellen 단축 alias 포함.
ZZZ_phase_C1,Zenless Zone Zero,Zenless Zone Zero,character,Yanagi,Yanagi,야나기,柳,Yanagi,"Yanagi,柳,야나기",Zenless Zone Zero,,https://zenless-zone-zero.fandom.com/wiki/Yanagi,일본어 기원 이름. KO=야나기(음역). JA=柳(한자).,high,applied,new_character,EN canonical.
ZZZ_phase_C1,Zenless Zone Zero,Zenless Zone Zero,character,Jane Doe,Jane Doe,제인,ジェーン,Jane Doe,"Jane Doe,ジェーン,제인,Jane",Zenless Zone Zero,,https://zenless-zone-zero.fandom.com/wiki/Jane_Doe,위장명(Jane Doe=신원미상 여성 영어 관용어). 공식 KO=제인 확인.,high,applied,new_character,EN canonical. Jane 단축 alias 포함.
ZZZ_phase_C1,Zenless Zone Zero,Zenless Zone Zero,character,Zhu Yuan,Zhu Yuan,주위안,朱鳶,Zhu Yuan,"Zhu Yuan,朱鳶,주위안",Zenless Zone Zero,,,KO 표기 주위안/주원 불확실. 공식 클라이언트 확인 필요.,medium,needs_review,new_character,KO 표기 불확실.
ZZZ_phase_C1,Zenless Zone Zero,Zenless Zone Zero,character,Rina,Rina,리나,リナ,Rina,"Rina,リナ,리나",Zenless Zone Zero,,,KO/JA 표기 리나 추정. 공식 클라이언트 확인 필요.,medium,needs_review,new_character,KO 표기 검토 필요.
KU_phase_C2,Wuthering Waves,Wuthering Waves,character,Yangyang,Yangyang,양양,秧秧,Yangyang,"Yangyang,秧秧,양양",Wuthering Waves,,https://wutheringwaves.fandom.com/wiki/Yangyang,공식 EN/KO/JA 표기 확인.,high,applied,new_character,EN canonical. KO=양양. JA=秧秧.
KU_phase_C2,Wuthering Waves,Wuthering Waves,character,Chixia,Chixia,치샤,熾霞,Chixia,"Chixia,熾霞,치샤",Wuthering Waves,,https://wutheringwaves.fandom.com/wiki/Chixia,공식 EN/KO/JA 표기 확인.,high,applied,new_character,EN canonical. KO=치샤. JA=熾霞.
KU_phase_C2,Wuthering Waves,Wuthering Waves,character,Baizhi,Baizhi,백지,白芷,Baizhi,"Baizhi,白芷,백지",Wuthering Waves,,https://wutheringwaves.fandom.com/wiki/Baizhi,공식 EN/KO/JA 표기 확인.,high,applied,new_character,EN canonical. KO=백지. JA=白芷.
KU_phase_C2,Wuthering Waves,Wuthering Waves,character,Jiyan,Jiyan,기염,忌炎,Jiyan,"Jiyan,忌炎,기염",Wuthering Waves,,https://wutheringwaves.fandom.com/wiki/Jiyan,공식 EN/KO/JA 표기 확인.,high,applied,new_character,EN canonical. KO=기염. JA=忌炎.
KU_phase_C2,Wuthering Waves,Wuthering Waves,character,Verina,Verina,벨리나,ヴェリーナ,Verina,"Verina,ヴェリーナ,벨리나",Wuthering Waves,,https://wutheringwaves.fandom.com/wiki/Verina,공식 KO/JA 표기 확인.,high,applied,new_character,EN canonical. KO=벨리나. JA=ヴェリーナ.
KU_phase_C2,Wuthering Waves,Wuthering Waves,character,Encore,Encore,앙코,アンコ,Encore,"Encore,アンコ,앙코",Wuthering Waves,,https://wutheringwaves.fandom.com/wiki/Encore,공식 KO/JA 표기 확인.,high,applied,new_character,EN canonical. KO=앙코. JA=アンコ.
KU_phase_C2,Wuthering Waves,Wuthering Waves,character,Calcharo,Calcharo,카카루,カカロ,Calcharo,"Calcharo,カカロ,카카루",Wuthering Waves,,https://wutheringwaves.fandom.com/wiki/Calcharo,공식 KO/JA 표기 확인.,high,applied,new_character,EN canonical. KO=카카루. JA=カカロ.
KU_phase_C2,Wuthering Waves,Wuthering Waves,character,Yinlin,Yinlin,음림,吟霖,Yinlin,"Yinlin,吟霖,음림",Wuthering Waves,,https://wutheringwaves.fandom.com/wiki/Yinlin,공식 KO/JA 표기 확인.,high,applied,new_character,EN canonical. KO=음림. JA=吟霖.
KU_phase_C2,Wuthering Waves,Wuthering Waves,character,Jianxin,Jianxin,감심,鑑心,Jianxin,"Jianxin,鑑心,감심",Wuthering Waves,,https://wutheringwaves.fandom.com/wiki/Jianxin,공식 KO/JA 표기 확인.,high,applied,new_character,EN canonical. KO=감심. JA=鑑心.
KU_phase_C2,Wuthering Waves,Wuthering Waves,character,Lingyang,Lingyang,능양,凌陽,Lingyang,"Lingyang,凌陽,능양",Wuthering Waves,,https://wutheringwaves.fandom.com/wiki/Lingyang,공식 KO/JA 표기 확인.,high,applied,new_character,EN canonical. KO=능양. JA=凌陽.
KU_phase_C2,Wuthering Waves,Wuthering Waves,character,Sanhua,Sanhua,산화,散華,Sanhua,"Sanhua,散華,산화",Wuthering Waves,,https://wutheringwaves.fandom.com/wiki/Sanhua,공식 KO/JA 표기 확인.,high,applied,new_character,EN canonical. KO=산화. JA=散華.
KU_phase_C2,Wuthering Waves,Wuthering Waves,character,Mortefi,Mortefi,모르테피,モルトフィー,Mortefi,"Mortefi,モルトフィー,모르테피",Wuthering Waves,,https://wutheringwaves.fandom.com/wiki/Mortefi,공식 KO/JA 표기 확인.,high,applied,new_character,EN canonical. KO=모르테피. JA=モルトフィー.
KU_phase_C2,Wuthering Waves,Wuthering Waves,character,Danjin,Danjin,단근,丹瑾,Danjin,"Danjin,丹瑾,단근",Wuthering Waves,,https://wutheringwaves.fandom.com/wiki/Danjin,공식 KO/JA 표기 확인.,high,applied,new_character,EN canonical. KO=단근. JA=丹瑾.
KU_phase_C2,Wuthering Waves,Wuthering Waves,character,Aalto,Aalto,알토,アールト,Aalto,"Aalto,アールト,알토",Wuthering Waves,,https://wutheringwaves.fandom.com/wiki/Aalto,공식 KO/JA 표기 확인.,high,applied,new_character,EN canonical. KO=알토. JA=アールト.
KU_phase_C2,Wuthering Waves,Wuthering Waves,character,Taoqi,Taoqi,도기,桃祈,Taoqi,"Taoqi,桃祈,도기",Wuthering Waves,,https://wutheringwaves.fandom.com/wiki/Taoqi,공식 KO/JA 표기 확인.,high,applied,new_character,EN canonical. KO=도기. JA=桃祈.
KU_phase_C2,Wuthering Waves,Wuthering Waves,character,Yuanwu,Yuanwu,연무,淵武,Yuanwu,"Yuanwu,淵武,연무",Wuthering Waves,,https://wutheringwaves.fandom.com/wiki/Yuanwu,공식 KO/JA 표기 확인.,high,applied,new_character,EN canonical. KO=연무. JA=淵武.
KU_phase_C2,Wuthering Waves,Wuthering Waves,character,Jinhsi,Jinhsi,금희,今汐,Jinhsi,"Jinhsi,今汐,금희",Wuthering Waves,,https://wutheringwaves.fandom.com/wiki/Jinhsi,공식 KO/JA 표기 확인.,high,applied,new_character,EN canonical. KO=금희. JA=今汐.
KU_phase_C2,Wuthering Waves,Wuthering Waves,character,Changli,Changli,장리,長離,Changli,"Changli,長離,장리",Wuthering Waves,,https://wutheringwaves.fandom.com/wiki/Changli,공식 KO/JA 표기 확인.,high,applied,new_character,EN canonical. KO=장리. JA=長離.
KU_phase_C2,Wuthering Waves,Wuthering Waves,character,Zhezhi,Zhezhi,절지,折枝,Zhezhi,"Zhezhi,折枝,절지",Wuthering Waves,,https://wutheringwaves.fandom.com/wiki/Zhezhi,공식 KO/JA 표기 확인.,high,applied,new_character,EN canonical. KO=절지. JA=折枝.
KU_phase_C2,Wuthering Waves,Wuthering Waves,character,Xiangli Yao,Xiangli Yao,상리요,相里要,Xiangli Yao,"Xiangli Yao,相里要,상리요",Wuthering Waves,,https://wutheringwaves.fandom.com/wiki/Xiangli_Yao,공식 KO/JA 표기 확인.,high,applied,new_character,EN canonical. KO=상리요. JA=相里要.
KU_phase_C2,Wuthering Waves,Wuthering Waves,character,Shorekeeper,Shorekeeper,파수인,ショアキーパー,Shorekeeper,"Shorekeeper,ショアキーパー,파수인",Wuthering Waves,,https://wutheringwaves.fandom.com/wiki/Shorekeeper,공식 KO=파수인 확인. parent_series 스코프 내 충돌 없음.,high,applied,new_character,EN canonical. KO=파수인. JA=ショアキーパー.
KU_phase_C2,Wuthering Waves,Wuthering Waves,character,Camellya,Camellya,카멜리아,ツバキ,Camellya,"Camellya,ツバキ,カメリア,카멜리아",Wuthering Waves,,https://wutheringwaves.fandom.com/wiki/Camellya,JA 공식 표기=ツバキ(동백). カメリア 음차 alias 병행 등록.,high,applied,new_character,EN canonical. KO=카멜리아. JA=ツバキ(공식)/カメリア(alias).
KU_phase_C2,Wuthering Waves,Wuthering Waves,character,Lumi,Lumi,루미,ルミ,Lumi,"Lumi,ルミ,루미",Wuthering Waves,,https://wutheringwaves.fandom.com/wiki/Lumi,공식 KO/JA 표기 확인.,high,applied,new_character,EN canonical. KO=루미. JA=ルミ.
KU_phase_C2,Wuthering Waves,Wuthering Waves,character,Carlotta,Carlotta,카를로타,カルロッタ,Carlotta,"Carlotta,カルロッタ,카를로타",Wuthering Waves,,https://wutheringwaves.fandom.com/wiki/Carlotta,공식 KO/JA 표기 확인.,high,applied,new_character,EN canonical. KO=카를로타. JA=カルロッタ.
KU_phase_C2,Wuthering Waves,Wuthering Waves,character,Phoebe,Phoebe,피비,フィービー,Phoebe,"Phoebe,フィービー,피비",Wuthering Waves,,https://wutheringwaves.fandom.com/wiki/Phoebe,공식 KO/JA 표기 확인.,high,applied,new_character,EN canonical. KO=피비. JA=フィービー.
KU_phase_C2,Wuthering Waves,Wuthering Waves,character,Cantarella,Cantarella,칸타렐라,カンタレラ,Cantarella,"Cantarella,カンタレラ,칸타렐라",Wuthering Waves,,https://wutheringwaves.fandom.com/wiki/Cantarella,공식 KO/JA 표기 확인.,high,applied,new_character,EN canonical. KO=칸타렐라. JA=カンタレラ.
KU_phase_C2,Wuthering Waves,Wuthering Waves,character,Cartethyia,Cartethyia,카르테시아,カルテジア,Cartethyia,"Cartethyia,カルテジア,카르테시아",Wuthering Waves,,https://wutheringwaves.fandom.com/wiki/Cartethyia,공식 KO/JA 표기 확인.,high,applied,new_character,EN canonical. KO=카르테시아. JA=カルテジア.
KU_phase_C2,Wuthering Waves,Wuthering Waves,character,Lupa,Lupa,루파,ルパ,Lupa,"Lupa,ルパ,루파",Wuthering Waves,,https://wutheringwaves.fandom.com/wiki/Lupa,공식 KO/JA 표기 확인.,high,applied,new_character,EN canonical. KO=루파. JA=ルパ.
KU_phase_C2,Wuthering Waves,Wuthering Waves,character,Rover,Rover,방랑자,,Rover,"Rover,방랑자",Wuthering Waves,,,KO 방랑자는 일반명사. 타 시리즈 충돌 가능.,low,needs_review,new_character,Rover KO 방랑자 일반명사 충돌로 보류.
KU_phase_C2,Wuthering Waves,Wuthering Waves,character,Roccia,Roccia,,ロッチア,Roccia,"Roccia,ロッチア",Wuthering Waves,,,KO 표기 불확실(로코코/로치아 혼재). JA=ロッチア 잠정.,medium,needs_review,new_character,Roccia KO 미확인.
KU_phase_C2,Wuthering Waves,Wuthering Waves,character,Brant,Brant,,ブラント,Brant,"Brant,ブラント",Wuthering Waves,,,KO 표기 불확실(브렌트/브랜트 혼재).,medium,needs_review,new_character,Brant KO 미확인.
KU_phase_C2,Wuthering Waves,Wuthering Waves,character,Zani,Zani,,ザニ,Zani,"Zani,ザニ",Wuthering Waves,,,KO/JA 표기 불확실.,medium,needs_review,new_character,Zani KO/JA 불확실.
KU_phase_C2,Wuthering Waves,Wuthering Waves,character,Ciaccona,Ciaccona,,チャコーナ,Ciaccona,"Ciaccona,チャコーナ",Wuthering Waves,,,이탈리아어 음악 용어 기원. EN/KO/JA 크게 다름. KO 미확인.,medium,needs_review,new_character,Ciaccona KO 미확인.
IM_phase_D,THE iDOLM@STER,Idolmaster,series,THE iDOLM@STER,THE iDOLM@STER,아이돌마스터,アイドルマスター,THE iDOLM@STER,"THE iDOLM@STER,THE IDOLMASTER,アイドルマスター,아이돌마스터,im@s,imas,アイマス,765",THE iDOLM@STER,,https://idolmaster-official.jp/,공식 시리즈. im@s/imas 통칭 확인.,high,needs_review,new_series,정책 변경: Idolmaster 단일 canonical으로 정규화. 하위 작품명은 lower_series/notes로 이동. 기존 applied 상태는 이번 정규화로 needs_review로 전환. lower_series=THE iDOLM@STER; 브랜드별 파일 구조. idolmaster_765.json에 반영.
IM_phase_D,THE iDOLM@STER,Idolmaster,series,THE iDOLM@STER Cinderella Girls,THE iDOLM@STER Cinderella Girls,신데렐라 걸즈,シンデレラガールズ,Cinderella Girls,"THE iDOLM@STER Cinderella Girls,Cinderella Girls,シンデレラガールズ,デレマス,신데렐라 걸즈,데레마스,CG,346",THE iDOLM@STER Cinderella Girls,,https://cinderella.idolmaster.jp/,공식 사이트 확인. デレマス/데레마스 통칭.,high,needs_review,new_series,정책 변경: Idolmaster 단일 canonical으로 정규화. 하위 작품명은 lower_series/notes로 이동. 기존 applied 상태는 이번 정규화로 needs_review로 전환. lower_series=THE iDOLM@STER Cinderella Girls; idolmaster_cinderella_girls.json에 반영.
IM_phase_D,THE iDOLM@STER,Idolmaster,series,THE iDOLM@STER Million Live!,THE iDOLM@STER Million Live!,밀리언 라이브!,ミリオンライブ!,Million Live!,"THE iDOLM@STER Million Live!,Million Live!,ミリオンライブ!,ミリマス,밀리언 라이브!,밀리마스,ML",THE iDOLM@STER Million Live!,,https://millionlive-theaterdays.jp/,공식 사이트 확인. ミリマス/밀리마스 통칭.,high,needs_review,new_series,정책 변경: Idolmaster 단일 canonical으로 정규화. 하위 작품명은 lower_series/notes로 이동. 기존 applied 상태는 이번 정규화로 needs_review로 전환. lower_series=THE iDOLM@STER Million Live!; idolmaster_million_live.json에 반영.
IM_phase_D,THE iDOLM@STER,Idolmaster,series,THE iDOLM@STER SideM,THE iDOLM@STER SideM,사이드M,アイドルマスター SideM,THE iDOLM@STER SideM,"THE iDOLM@STER SideM,SideM,アイドルマスター SideM,사이드M,사이드엠,315",THE iDOLM@STER SideM,,https://sidem.jp/,공식 사이트 확인. 남성 아이돌 브랜드.,high,needs_review,new_series,정책 변경: Idolmaster 단일 canonical으로 정규화. 하위 작품명은 lower_series/notes로 이동. 기존 applied 상태는 이번 정규화로 needs_review로 전환. lower_series=THE iDOLM@STER SideM; idolmaster_sidem.json에 반영.
IM_phase_D,THE iDOLM@STER,Idolmaster,series,THE iDOLM@STER Shiny Colors,THE iDOLM@STER Shiny Colors,샤이니 컬러즈,シャイニーカラーズ,Shiny Colors,"THE iDOLM@STER Shiny Colors,Shiny Colors,シャイニーカラーズ,シャニマス,샤이니 컬러즈,샤니마스,283",THE iDOLM@STER Shiny Colors,,https://shinycolors.idolmaster.jp/,공식 사이트 확인. シャニマス/샤니마스 통칭.,high,needs_review,new_series,정책 변경: Idolmaster 단일 canonical으로 정규화. 하위 작품명은 lower_series/notes로 이동. 기존 applied 상태는 이번 정규화로 needs_review로 전환. lower_series=THE iDOLM@STER Shiny Colors; idolmaster_shiny_colors.json에 반영.
IM_phase_D,Gakuen iDOLM@STER,Idolmaster,series,Gakuen iDOLM@STER,Gakuen iDOLM@STER,학원 아이돌마스터,学園アイドルマスター,Gakuen iDOLM@STER,"Gakuen iDOLM@STER,学園アイドルマスター,学マス,학원 아이돌마스터,학마스",Gakuen iDOLM@STER,,https://gakuen.idolmaster.jp/,공식 사이트 확인. 학원 배경 2024년 신작.,high,needs_review,new_series,정책 변경: Idolmaster 단일 canonical으로 정규화. 하위 작품명은 lower_series/notes로 이동. 기존 applied 상태는 이번 정규화로 needs_review로 전환. lower_series=Gakuen iDOLM@STER; idolmaster_gakuen.json에 반영.
IM_phase_D,THE iDOLM@STER,Idolmaster,group,765PRO,765PRO,765프로,765プロ,765PRO,"765PRO,765프로,765プロ,765プロダクション,765 Production",THE iDOLM@STER,,,765 Production 공식 명칭. 아이마스 원조 사무소.,high,applied,new_group,parent_series=Idolmaster로 수정 완료. 정책 변경: Idolmaster 단일 canonical으로 정규화. 하위 작품명은 lower_series/notes로 이동. 기존 applied 상태는 이번 정규화로 needs_review로 전환. lower_series=THE iDOLM@STER; idolmaster_765.json groups에 반영.
IM_phase_D,THE iDOLM@STER,Idolmaster,group,346PRO,346PRO,346프로,346プロ,346PRO,"346PRO,346프로,346プロ,346プロダクション,346 Production",THE iDOLM@STER Cinderella Girls,,,346 Production 공식 명칭. 데레마스 사무소.,high,applied,new_group,parent_series=Idolmaster로 수정 완료. 정책 변경: Idolmaster 단일 canonical으로 정규화. 하위 작품명은 lower_series/notes로 이동. 기존 applied 상태는 이번 정규화로 needs_review로 전환. lower_series=THE iDOLM@STER Cinderella Girls; idolmaster_cinderella_girls.json groups에 반영.
IM_phase_D,THE iDOLM@STER,Idolmaster,group,765 MILLIONSTARS,765 MILLIONSTARS,765 밀리언스타즈,765ミリオンスターズ,765 MILLIONSTARS,"765 MILLIONSTARS,765 밀리언스타즈,765ミリオンスターズ,MILLIONSTARS",THE iDOLM@STER Million Live!,,,밀리온 라이브 전체 유닛명. JA 공식 표기=765 MILLIONSTARS.,high,applied,new_group,parent_series=Idolmaster로 수정 완료. 정책 변경: Idolmaster 단일 canonical으로 정규화. 하위 작품명은 lower_series/notes로 이동. 기존 applied 상태는 이번 정규화로 needs_review로 전환. lower_series=THE iDOLM@STER Million Live!; idolmaster_million_live.json groups에 반영. ja=765ミリオンスターズ(가나 변환).
IM_phase_D,THE iDOLM@STER,Idolmaster,group,315PRO,315PRO,315프로,315プロ,315PRO,"315PRO,315프로,315プロ,315プロダクション,315 Production",THE iDOLM@STER SideM,,,315 Production 공식 명칭. SideM 사무소.,high,applied,new_group,parent_series=Idolmaster로 수정 완료. 정책 변경: Idolmaster 단일 canonical으로 정규화. 하위 작품명은 lower_series/notes로 이동. 기존 applied 상태는 이번 정규화로 needs_review로 전환. lower_series=THE iDOLM@STER SideM; idolmaster_sidem.json groups에 반영.
IM_phase_D,THE iDOLM@STER,Idolmaster,group,283PRO,283PRO,283프로,283プロ,283PRO,"283PRO,283프로,283プロ,283プロダクション,283 Production",THE iDOLM@STER Shiny Colors,,,283 Production 공식 명칭. 샤이니 컬러즈 사무소.,high,applied,new_group,parent_series=Idolmaster로 수정 완료. 정책 변경: Idolmaster 단일 canonical으로 정규화. 하위 작품명은 lower_series/notes로 이동. 기존 applied 상태는 이번 정규화로 needs_review로 전환. lower_series=THE iDOLM@STER Shiny Colors; idolmaster_shiny_colors.json groups에 반영.
IM_phase_D,Gakuen iDOLM@STER,Idolmaster,group,Hatsuboshi Gakuen,Hatsuboshi Gakuen,하츠보시 학원,初星学園,Hatsuboshi Gakuen,"Hatsuboshi Gakuen,初星学園,하츠보시 학원,초성학원",Gakuen iDOLM@STER,,,初星学園 공식 명칭. 학마스 학원.,high,applied,new_group,parent_series=Idolmaster로 수정 완료. 정책 변경: Idolmaster 단일 canonical으로 정규화. 하위 작품명은 lower_series/notes로 이동. 기존 applied 상태는 이번 정규화로 needs_review로 전환. lower_series=Gakuen iDOLM@STER; idolmaster_gakuen.json groups에 반영.
IM_phase_D,THE iDOLM@STER,Idolmaster,group,765PRO ALLSTARS,765PRO ALLSTARS,765 올스타즈,765PRO ALLSTARS,765PRO ALLSTARS,"765PRO ALLSTARS,765 ALLSTARS,765 올스타즈",THE iDOLM@STER,765PRO,,765프로 전체 집합 유닛. KO 표기 불확실.,medium,candidate,new_group,lower_series=THE iDOLM@STER; KO 공식명 미확인. 후속 Phase에서 검토.
IM_phase_D,THE iDOLM@STER,Idolmaster,group,New Generations,New Generations,뉴 제너레이션즈,ニュージェネレーションズ,New Generations,"New Generations,ニュージェネレーションズ,뉴 제너레이션즈,뉴제네",THE iDOLM@STER Cinderella Girls,346PRO,,시마무라 우즈키/시부야 린/혼다 미오 트리오.,high,candidate,new_group,lower_series=THE iDOLM@STER Cinderella Girls; 대표 유닛. KO 통용 표기 확인 필요.
IM_phase_D,THE iDOLM@STER,Idolmaster,group,Triad Primus,Triad Primus,트라이아드 프리무스,トライアドプリムス,Triad Primus,"Triad Primus,トライアドプリムス,트라이아드 프리무스",THE iDOLM@STER Cinderella Girls,346PRO,,데레마스 쿨 속성 대표 유닛.,medium,candidate,new_group,lower_series=THE iDOLM@STER Cinderella Girls; KO 공식명 미확인.
IM_phase_D,THE iDOLM@STER,Idolmaster,group,Candy Island,Candy Island,캔디 아일랜드,キャンディアイランド,Candy Island,"Candy Island,CANDY ISLAND,キャンディアイランド,캔디 아일랜드",THE iDOLM@STER Cinderella Girls,346PRO,,데레마스 큐트 속성 대표 유닛.,medium,candidate,new_group,lower_series=THE iDOLM@STER Cinderella Girls; KO 공식명 미확인.
IM_phase_D,THE iDOLM@STER,Idolmaster,group,illumination STARS,illumination STARS,일루미네이션 스타즈,イルミネーションスターズ,illumination STARS,"illumination STARS,イルミネーションスターズ,일루미네이션 스타즈",THE iDOLM@STER Million Live!,765 MILLIONSTARS,,밀리온 라이브 리더 유닛.,medium,candidate,new_group,lower_series=THE iDOLM@STER Million Live!; KO 공식명 미확인.
IM_phase_D,THE iDOLM@STER,Idolmaster,group,ALSTROEMERIA,ALSTROEMERIA,알스트로메리아,アルストロメリア,ALSTROEMERIA,"ALSTROEMERIA,アルストロメリア,알스트로메리아",THE iDOLM@STER Shiny Colors,283PRO,,샤이니 컬러즈 대표 유닛.,high,candidate,new_group,lower_series=THE iDOLM@STER Shiny Colors; KO 공식명 미확인.
IM_phase_D,THE iDOLM@STER,Idolmaster,group,illumination STARS (SC),illumination STARS,일루미네이션 스타즈,イルミネーションスターズ,illumination STARS,"illumination STARS,イルミネーションスターズ",THE iDOLM@STER Shiny Colors,283PRO,,샤이니 컬러즈 유닛. 밀리마스와 이름 동일하므로 parent_series로 구분 필요.,medium,needs_review,new_group,lower_series=THE iDOLM@STER Shiny Colors; 동명 유닛 충돌 위험. parent_series 스코프 처리 필요.
IM_phase_D,THE iDOLM@STER,Idolmaster,group,L'Antica,L'Antica,란티카,アンティーカ,L'Antica,"L'Antica,アンティーカ,란티카,l'antica",THE iDOLM@STER Shiny Colors,283PRO,,샤이니 컬러즈 유닛.,high,candidate,new_group,lower_series=THE iDOLM@STER Shiny Colors; KO 공식명 미확인. apostrophe 포함 alias 처리 필요.
IM_phase_D,THE iDOLM@STER,Idolmaster,group,Straylight,Straylight,스트레이라이트,ストレイライト,Straylight,"Straylight,ストレイライト,스트레이라이트",THE iDOLM@STER Shiny Colors,283PRO,,샤이니 컬러즈 유닛.,high,candidate,new_group,lower_series=THE iDOLM@STER Shiny Colors; KO 공식명 미확인.
IM_phase_D,THE iDOLM@STER,Idolmaster,group,noctchill,noctchill,녹트칠,ノクチル,noctchill,"noctchill,ノクチル,녹트칠",THE iDOLM@STER Shiny Colors,283PRO,,샤이니 컬러즈 유닛.,high,candidate,new_group,lower_series=THE iDOLM@STER Shiny Colors; KO 공식명 미확인.
IM_phase_D,THE iDOLM@STER,Idolmaster,group,SHHis,SHHis,시즈,シーズ,SHHis,"SHHis,シーズ,시즈",THE iDOLM@STER Shiny Colors,283PRO,,샤이니 컬러즈 유닛.,high,candidate,new_group,lower_series=THE iDOLM@STER Shiny Colors; KO 공식명 불확실 (시즈/시스). needs_review 검토.
IM_phase_D,THE iDOLM@STER,Idolmaster,character,天海春香,天海春香,아마미 하루카,天海春香,Haruka Amami,"天海春香,Haruka Amami,하루카,아마미 하루카",THE iDOLM@STER,765PRO,https://idolmaster-official.jp/,공식 캐릭터. 765PRO 메인.,high,applied,new_character,idolmaster_765.json에 parent_series=Idolmaster로 반영됨. lower_series=THE iDOLM@STER; JA canonical. KO 아마미 하루카 통용. Phase D-2에서 applied 예정.
IM_phase_D,THE iDOLM@STER,Idolmaster,character,如月千早,如月千早,키사라기 치하야,如月千早,Chihaya Kisaragi,"如月千早,Chihaya Kisaragi,치하야,키사라기 치하야",THE iDOLM@STER,765PRO,,공식 캐릭터. 보컬.,high,applied,new_character,idolmaster_765.json에 parent_series=Idolmaster로 반영됨. lower_series=THE iDOLM@STER; JA canonical.
IM_phase_D,THE iDOLM@STER,Idolmaster,character,星井美希,星井美希,호시이 미키,星井美希,Miki Hoshii,"星井美希,Miki Hoshii,미키,호시이 미키",THE iDOLM@STER,765PRO,,공식 캐릭터.,high,applied,new_character,idolmaster_765.json에 parent_series=Idolmaster로 반영됨. lower_series=THE iDOLM@STER; JA canonical.
IM_phase_D,THE iDOLM@STER,Idolmaster,character,高槻やよい,高槻やよい,타카츠키 야요이,高槻やよい,Yayoi Takatsuki,"高槻やよい,Yayoi Takatsuki,야요이,타카츠키 야요이",THE iDOLM@STER,765PRO,,공식 캐릭터.,high,applied,new_character,idolmaster_765.json에 parent_series=Idolmaster로 반영됨. lower_series=THE iDOLM@STER; JA canonical. やよい는 히라가나 포함.
IM_phase_D,THE iDOLM@STER,Idolmaster,character,水瀬伊織,水瀬伊織,미나세 이오리,水瀬伊織,Iori Minase,"水瀬伊織,Iori Minase,이오리,미나세 이오리",THE iDOLM@STER,765PRO,,공식 캐릭터.,high,applied,new_character,idolmaster_765.json에 parent_series=Idolmaster로 반영됨. lower_series=THE iDOLM@STER; JA canonical.
IM_phase_D,THE iDOLM@STER,Idolmaster,character,菊地真,菊地真,키쿠치 마코토,菊地真,Makoto Kikuchi,"菊地真,Makoto Kikuchi,마코토,키쿠치 마코토",THE iDOLM@STER,765PRO,,공식 캐릭터.,high,applied,new_character,idolmaster_765.json에 parent_series=Idolmaster로 반영됨. lower_series=THE iDOLM@STER; JA canonical.
IM_phase_D,THE iDOLM@STER,Idolmaster,character,萩原雪歩,萩原雪歩,하기와라 유키호,萩原雪歩,Yukiho Hagiwara,"萩原雪歩,Yukiho Hagiwara,유키호,하기와라 유키호",THE iDOLM@STER,765PRO,,공식 캐릭터.,high,applied,new_character,idolmaster_765.json에 parent_series=Idolmaster로 반영됨. lower_series=THE iDOLM@STER; JA canonical.
IM_phase_D,THE iDOLM@STER,Idolmaster,character,双海亜美,双海亜美,후타미 아미,双海亜美,Ami Futami,"双海亜美,Ami Futami,아미,후타미 아미",THE iDOLM@STER,765PRO,,공식 캐릭터. 쌍둥이 중 언니.,high,applied,new_character,idolmaster_765.json에 parent_series=Idolmaster로 반영됨. lower_series=THE iDOLM@STER; JA canonical. 마미(双海真美)와 쌍둥이.
IM_phase_D,THE iDOLM@STER,Idolmaster,character,双海真美,双海真美,후타미 마미,双海真美,Mami Futami,"双海真美,Mami Futami,마미,후타미 마미",THE iDOLM@STER,765PRO,,공식 캐릭터. 쌍둥이 중 동생.,high,applied,new_character,idolmaster_765.json에 parent_series=Idolmaster로 반영됨. lower_series=THE iDOLM@STER; JA canonical.
IM_phase_D,THE iDOLM@STER,Idolmaster,character,三浦あずさ,三浦あずさ,미우라 아즈사,三浦あずさ,Azusa Miura,"三浦あずさ,Azusa Miura,아즈사,미우라 아즈사",THE iDOLM@STER,765PRO,,공식 캐릭터.,high,applied,new_character,idolmaster_765.json에 parent_series=Idolmaster로 반영됨. lower_series=THE iDOLM@STER; JA canonical. あずさ는 히라가나 포함.
IM_phase_D,THE iDOLM@STER,Idolmaster,character,秋月律子,秋月律子,아키즈키 리츠코,秋月律子,Ritsuko Akizuki,"秋月律子,Ritsuko Akizuki,리츠코,아키즈키 리츠코",THE iDOLM@STER,765PRO,,공식 캐릭터. 프로듀서 겸 아이돌.,high,applied,new_character,idolmaster_765.json에 parent_series=Idolmaster로 반영됨. lower_series=THE iDOLM@STER; JA canonical.
IM_phase_D,THE iDOLM@STER,Idolmaster,character,四条貴音,四条貴音,시죠 타카네,四条貴音,Takane Shijou,"四条貴音,Takane Shijou,타카네,시죠 타카네",THE iDOLM@STER,765PRO,,공식 캐릭터.,high,applied,new_character,idolmaster_765.json에 parent_series=Idolmaster로 반영됨. lower_series=THE iDOLM@STER; JA canonical.
IM_phase_D,THE iDOLM@STER,Idolmaster,character,我那覇響,我那覇響,가나하 히비키,我那覇響,Hibiki Ganaha,"我那覇響,Hibiki Ganaha,히비키,가나하 히비키",THE iDOLM@STER,765PRO,,공식 캐릭터.,high,applied,new_character,idolmaster_765.json에 parent_series=Idolmaster로 반영됨. lower_series=THE iDOLM@STER; JA canonical.
IM_phase_D,THE iDOLM@STER,Idolmaster,character,島村卯月,島村卯月,시마무라 우즈키,島村卯月,Uzuki Shimamura,"島村卯月,Uzuki Shimamura,우즈키,시마무라 우즈키",THE iDOLM@STER Cinderella Girls,346PRO,,New Generations 리더. 데레마스 메인.,high,candidate,new_character,lower_series=THE iDOLM@STER Cinderella Girls; JA canonical.
IM_phase_D,THE iDOLM@STER,Idolmaster,character,渋谷凛,渋谷凛,시부야 린,渋谷凛,Rin Shibuya,"渋谷凛,Rin Shibuya,린,시부야 린",THE iDOLM@STER Cinderella Girls,346PRO,,New Generations.,high,candidate,new_character,lower_series=THE iDOLM@STER Cinderella Girls; JA canonical.
IM_phase_D,THE iDOLM@STER,Idolmaster,character,本田未央,本田未央,혼다 미오,本田未央,Mio Honda,"本田未央,Mio Honda,미오,혼다 미오",THE iDOLM@STER Cinderella Girls,346PRO,,New Generations.,high,candidate,new_character,lower_series=THE iDOLM@STER Cinderella Girls; JA canonical.
IM_phase_D,THE iDOLM@STER,Idolmaster,character,双葉杏,双葉杏,후타바 안즈,双葉杏,Anzu Futaba,"双葉杏,Anzu Futaba,안즈,후타바 안즈",THE iDOLM@STER Cinderella Girls,346PRO,,데레마스 인기 캐릭터.,high,candidate,new_character,lower_series=THE iDOLM@STER Cinderella Girls; JA canonical. 后타바/후타바 KO 표기 통일 필요.
IM_phase_D,THE iDOLM@STER,Idolmaster,character,神崎蘭子,神崎蘭子,칸자키 란코,神崎蘭子,Ranko Kanzaki,"神崎蘭子,Ranko Kanzaki,란코,칸자키 란코",THE iDOLM@STER Cinderella Girls,346PRO,,데레마스 인기 캐릭터. 고딕 캐릭터.,high,candidate,new_character,lower_series=THE iDOLM@STER Cinderella Girls; JA canonical.
IM_phase_D,THE iDOLM@STER,Idolmaster,character,城ヶ崎美嘉,城ヶ崎美嘉,죠가사키 미카,城ヶ崎美嘉,Mika Jougasaki,"城ヶ崎美嘉,Mika Jougasaki,미카,죠가사키 미카",THE iDOLM@STER Cinderella Girls,346PRO,,데레마스 인기 캐릭터. 자매.,high,candidate,new_character,lower_series=THE iDOLM@STER Cinderella Girls; JA canonical.
IM_phase_D,THE iDOLM@STER,Idolmaster,character,城ヶ崎莉嘉,城ヶ崎莉嘉,죠가사키 리카,城ヶ崎莉嘉,Rika Jougasaki,"城ヶ崎莉嘉,Rika Jougasaki,리카,죠가사키 리카",THE iDOLM@STER Cinderella Girls,346PRO,,데레마스 캐릭터. 자매 중 동생.,high,candidate,new_character,lower_series=THE iDOLM@STER Cinderella Girls; JA canonical.
IM_phase_D,THE iDOLM@STER,Idolmaster,character,春日未来,春日未来,카스가 미라이,春日未来,Mirai Kasuga,"春日未来,Mirai Kasuga,미라이,카스가 미라이",THE iDOLM@STER Million Live!,765 MILLIONSTARS,,밀리온 라이브 메인 캐릭터.,high,candidate,new_character,lower_series=THE iDOLM@STER Million Live!; JA canonical.
IM_phase_D,THE iDOLM@STER,Idolmaster,character,最上静香,最上静香,모가미 시즈카,最上静香,Shizuka Mogami,"最上静香,Shizuka Mogami,시즈카,모가미 시즈카",THE iDOLM@STER Million Live!,765 MILLIONSTARS,,밀리온 라이브 메인 캐릭터.,high,candidate,new_character,lower_series=THE iDOLM@STER Million Live!; JA canonical.
IM_phase_D,THE iDOLM@STER,Idolmaster,character,伊吹翼,伊吹翼,이부키 츠바사,伊吹翼,Tsubasa Ibuki,"伊吹翼,Tsubasa Ibuki,츠바사,이부키 츠바사",THE iDOLM@STER Million Live!,765 MILLIONSTARS,,밀리온 라이브 캐릭터.,high,candidate,new_character,lower_series=THE iDOLM@STER Million Live!; JA canonical. 카시와기 츠바사(SideM)와 동음이의 주의.
IM_phase_D,THE iDOLM@STER,Idolmaster,character,田中琴葉,田中琴葉,타나카 코토하,田中琴葉,Kotoha Tanaka,"田中琴葉,Kotoha Tanaka,코토하,타나카 코토하",THE iDOLM@STER Million Live!,765 MILLIONSTARS,,밀리온 라이브 캐릭터.,high,candidate,new_character,lower_series=THE iDOLM@STER Million Live!; JA canonical.
IM_phase_D,THE iDOLM@STER,Idolmaster,character,所恵美,所恵美,토코로 메구미,所恵美,Megumi Tokoro,"所恵美,Megumi Tokoro,메구미,토코로 메구미",THE iDOLM@STER Million Live!,765 MILLIONSTARS,,밀리온 라이브 캐릭터.,medium,candidate,new_character,lower_series=THE iDOLM@STER Million Live!; JA canonical. KO 표기 확인 필요.
IM_phase_D,THE iDOLM@STER,Idolmaster,character,島原エレナ,島原エレナ,시마바라 엘레나,島原エレナ,Elena Shimabara,"島原エレナ,Elena Shimabara,엘레나,시마바라 엘레나",THE iDOLM@STER Million Live!,765 MILLIONSTARS,,밀리온 라이브 캐릭터.,medium,candidate,new_character,lower_series=THE iDOLM@STER Million Live!; JA canonical.
IM_phase_D,THE iDOLM@STER,Idolmaster,character,天道輝,天道輝,텐도 테루,天道輝,Teru Tendo,"天道輝,Teru Tendo,테루,텐도 테루",THE iDOLM@STER SideM,315PRO,,SideM 메인 캐릭터.,high,candidate,new_character,lower_series=THE iDOLM@STER SideM; JA canonical.
IM_phase_D,THE iDOLM@STER,Idolmaster,character,桜庭薫,桜庭薫,사쿠라바 카오루,桜庭薫,Kaoru Sakuraba,"桜庭薫,Kaoru Sakuraba,카오루,사쿠라바 카오루",THE iDOLM@STER SideM,315PRO,,SideM 캐릭터.,high,candidate,new_character,lower_series=THE iDOLM@STER SideM; JA canonical.
IM_phase_D,THE iDOLM@STER,Idolmaster,character,柏木翼,柏木翼,카시와기 츠바사,柏木翼,Tsubasa Kashiwagi,"柏木翼,Tsubasa Kashiwagi,카시와기 츠바사",THE iDOLM@STER SideM,315PRO,,SideM 캐릭터.,high,candidate,new_character,lower_series=THE iDOLM@STER SideM; JA canonical. 이부키 츠바사(ML)와 동음이의 주의.
IM_phase_D,THE iDOLM@STER,Idolmaster,character,天ヶ瀬冬馬,天ヶ瀬冬馬,아마가세 토우마,天ヶ瀬冬馬,Touma Amagase,"天ヶ瀬冬馬,Touma Amagase,토우마,아마가세 토우마",THE iDOLM@STER SideM,315PRO,,SideM Jupiter 멤버.,high,candidate,new_character,lower_series=THE iDOLM@STER SideM; JA canonical.
IM_phase_D,THE iDOLM@STER,Idolmaster,character,伊集院北斗,伊集院北斗,이쥬인 호쿠토,伊集院北斗,Hokuto Ijuin,"伊集院北斗,Hokuto Ijuin,호쿠토,이쥬인 호쿠토",THE iDOLM@STER SideM,315PRO,,SideM Jupiter 멤버.,high,candidate,new_character,lower_series=THE iDOLM@STER SideM; JA canonical.
IM_phase_D,THE iDOLM@STER,Idolmaster,character,御手洗翔太,御手洗翔太,미타라이 쇼타,御手洗翔太,Shouta Mitarai,"御手洗翔太,Shouta Mitarai,쇼타,미타라이 쇼타",THE iDOLM@STER SideM,315PRO,,SideM Jupiter 멤버.,high,candidate,new_character,lower_series=THE iDOLM@STER SideM; JA canonical.
IM_phase_D,THE iDOLM@STER,Idolmaster,character,櫻木真乃,櫻木真乃,사쿠라기 마노,櫻木真乃,Mano Sakuragi,"櫻木真乃,Mano Sakuragi,마노,사쿠라기 마노",THE iDOLM@STER Shiny Colors,283PRO,,샤니마스 illumination STARS 멤버.,high,candidate,new_character,lower_series=THE iDOLM@STER Shiny Colors; JA canonical.
IM_phase_D,THE iDOLM@STER,Idolmaster,character,風野灯織,風野灯織,카자노 히오리,風野灯織,Hiori Kazano,"風野灯織,Hiori Kazano,히오리,카자노 히오리",THE iDOLM@STER Shiny Colors,283PRO,,샤니마스 illumination STARS 멤버.,high,candidate,new_character,lower_series=THE iDOLM@STER Shiny Colors; JA canonical.
IM_phase_D,THE iDOLM@STER,Idolmaster,character,八宮めぐる,八宮めぐる,하치미야 메구루,八宮めぐる,Meguru Hachimiya,"八宮めぐる,Meguru Hachimiya,메구루,하치미야 메구루",THE iDOLM@STER Shiny Colors,283PRO,,샤니마스 illumination STARS 멤버. めぐる는 히라가나.,high,candidate,new_character,lower_series=THE iDOLM@STER Shiny Colors; JA canonical.
IM_phase_D,THE iDOLM@STER,Idolmaster,character,月岡恋鐘,月岡恋鐘,츠키오카 코가네,月岡恋鐘,Kogane Tsukioka,"月岡恋鐘,Kogane Tsukioka,코가네,츠키오카 코가네",THE iDOLM@STER Shiny Colors,283PRO,,샤니마스 ALSTROEMERIA 멤버.,high,candidate,new_character,lower_series=THE iDOLM@STER Shiny Colors; JA canonical.
IM_phase_D,THE iDOLM@STER,Idolmaster,character,田中摩美々,田中摩美々,타나카 마미미,田中摩美々,Mamimi Tanaka,"田中摩美々,Mamimi Tanaka,마미미,타나카 마미미",THE iDOLM@STER Shiny Colors,283PRO,,샤니마스 ALSTROEMERIA 멤버.,high,candidate,new_character,lower_series=THE iDOLM@STER Shiny Colors; JA canonical.
IM_phase_D,THE iDOLM@STER,Idolmaster,character,白瀬咲耶,白瀬咲耶,시라세 사쿠야,白瀬咲耶,Sakuya Shirase,"白瀬咲耶,Sakuya Shirase,사쿠야,시라세 사쿠야",THE iDOLM@STER Shiny Colors,283PRO,,샤니마스 ALSTROEMERIA 멤버.,high,candidate,new_character,lower_series=THE iDOLM@STER Shiny Colors; JA canonical.
IM_phase_D,Gakuen iDOLM@STER,Idolmaster,character,花海咲季,花海咲季,하나미 사키,花海咲季,Saki Hanami,"花海咲季,Saki Hanami,사키,하나미 사키",Gakuen iDOLM@STER,初星学園,,학마스 메인 캐릭터.,high,candidate,new_character,lower_series=Gakuen iDOLM@STER; JA canonical.
IM_phase_D,Gakuen iDOLM@STER,Idolmaster,character,月村手毬,月村手毬,츠키무라 테마리,月村手毬,Temari Tsukimura,"月村手毬,Temari Tsukimura,테마리,츠키무라 테마리",Gakuen iDOLM@STER,初星学園,,학마스 캐릭터.,high,candidate,new_character,lower_series=Gakuen iDOLM@STER; JA canonical.
IM_phase_D,Gakuen iDOLM@STER,Idolmaster,character,藤田ことね,藤田ことね,후지타 코토네,藤田ことね,Kotone Fujita,"藤田ことね,Kotone Fujita,코토네,후지타 코토네",Gakuen iDOLM@STER,初星学園,,학마스 캐릭터. ことね는 히라가나.,high,candidate,new_character,lower_series=Gakuen iDOLM@STER; JA canonical.
IM_phase_D,Gakuen iDOLM@STER,Idolmaster,character,有村麻央,有村麻央,아리무라 마오,有村麻央,Mao Arimura,"有村麻央,Mao Arimura,마오,아리무라 마오",Gakuen iDOLM@STER,初星学園,,학마스 캐릭터.,high,candidate,new_character,lower_series=Gakuen iDOLM@STER; JA canonical.
IM_phase_D,Gakuen iDOLM@STER,Idolmaster,character,葛城リーリヤ,葛城リーリヤ,카츠라기 릴리야,葛城リーリヤ,Lilja Katsuragi,"葛城リーリヤ,Lilja Katsuragi,릴리야,카츠라기 릴리야",Gakuen iDOLM@STER,初星学園,,학마스 캐릭터. 핀란드계.,high,candidate,new_character,lower_series=Gakuen iDOLM@STER; JA canonical. EN 표기 Lilja 확인.
IM_phase_D,THE iDOLM@STER,Idolmaster,group,illumination STARS (collision),illumination STARS,일루미네이션 스타즈,イルミネーションスターズ,illumination STARS,illumination STARS,THE iDOLM@STER Million Live!,,,밀리마스/샤니마스 동명 유닛. parent_series 스코프 처리 필요.,medium,needs_review,collision_risk,lower_series=THE iDOLM@STER Million Live!; 동명 유닛 충돌. 스코프 분리 설계 필요.
IM_phase_D,THE iDOLM@STER,Idolmaster,character,柏木翼(collision),柏木翼,카시와기 츠바사,柏木翼,Tsubasa Kashiwagi,"柏木翼,카시와기 츠바사",THE iDOLM@STER SideM,315PRO,,이부키 츠바사(ML)와 KO 이름 동일 가능성. parent_series 스코프로 해소.,medium,needs_review,collision_risk,lower_series=THE iDOLM@STER SideM; KO 표기 충돌 위험. parent_series 필수.
idolmaster_policy_normalization,Idolmaster,Idolmaster,series,Idolmaster,Idolmaster,아이돌 마스터,アイドルマスター,THE iDOLM@STER,"Idolmaster,THE iDOLM@STER,THE IDOLMASTER,アイドルマスター,아이돌 마스터,Cinderella Girls,Shiny Colors,SideM,Million Live!,Gakuen iDOLM@STER",,,https://namu.wiki/w/아이돌마스터 시리즈,대표 IP canonical. 6개 하위 브랜드 series를 단일 Idolmaster로 정규화.,high,applied,series,idolmaster.json 신규 생성. 모든 하위 브랜드 alias 포함. Option B 정책 적용.
